id,username,created_at,retweets_count,likes_count,User_location,text_clean,text_preprocessed
FALSE,Gabut Hakiki,3/24/2022 3:17,0,0,"Kota Banda Aceh, Nangro Aceh D",erick thohir ikn nusantara akan jadi pusat ekonomi barudukung ekonomi kreatif,"['erick', 'thohir', 'ikn', 'nusantara', 'pusat', 'ekonomi', 'barudukung', 'ekonomi', 'kreatif']"
FALSE,Gabut Hakiki,3/24/2022 3:17,0,0,"Kota Banda Aceh, Nangro Aceh D",ikn nusantara mesin baru kemajuan bangsadukung ekonomi kreatif,"['ikn', 'nusantara', 'mesin', 'maju', 'bangsadukung', 'ekonomi', 'kreatif']"
FALSE,Indonesia_Damai,3/24/2022 3:17,0,0,"Toboali, Indonesia",mui soal pemindahan ikn dukung ekonomi kreatif,"['mui', 'pindah', 'ikn', 'dukung', 'ekonomi', 'kreatif']"
FALSE,Indonesia_Damai,3/24/2022 3:17,0,0,"Toboali, Indonesia",kejaksaan agung dukung ikn nusantara dukung ekonomi kreatif,"['jaksa', 'agung', 'dukung', 'ikn', 'nusantara', 'dukung', 'ekonomi', 'kreatif']"
FALSE,RirinTisa,3/24/2022 3:17,0,1,di hatimu,tp apa ndak udah disunat dulu ama pejabat ikn,"['tp', 'ndak', 'udah', 'sunat', 'ama', 'jabat', 'ikn']"
FALSE,GUS MENCRET,3/24/2022 3:16,0,0,,marm mo matek mo mampusitu urusan kalian udah diingatkan jauh hari malah gak nerima makan tu ikn,"['marm', 'mo', 'matek', 'mo', 'mampusitu', 'urus', 'udah', 'gak', 'nerima', 'makan', 'tu', 'ikn']"
FALSE,Bintang Nasionalis,3/24/2022 3:15,0,0,,kenapa ikn pakai kendi kenapa mandalika pakai pawang tujuannya hanya untuk mengkounter orang yg merasaâ€¦,"['ikn', 'pakai', 'kendi', 'mandalika', 'pakai', 'pawang', 'tuju', 'mengkounter', 'orang', 'yg', 'rasa']"
FALSE,bebasbaru_official,3/24/2022 3:15,0,0,"Tabalong, Kalimantan Selatan",ahmad riza patria bagus ikn pindah kelak jakarta fokus jadi kota bisnis internasional yang luar biasa maju,"['ahmad', 'riza', 'patria', 'bagus', 'ikn', 'pindah', 'kelak', 'jakarta', 'fokus', 'kota', 'bisnis', 'internasional', 'maju']"
FALSE,Dewiayu,3/24/2022 3:14,0,1,,pembangunan ikn nusantara di kalimantan timur untuk kemajuan bangsa dukung ekonomi kreatif,"['bangun', 'ikn', 'nusantara', 'kalimantan', 'timur', 'maju', 'bangsa', 'dukung', 'ekonomi', 'kreatif']"
FALSE,junedmoon,3/24/2022 3:14,0,0,"Cengkareng, Jakarta Barat",bem unikarta dukung ikn nusantara dukung ekonomi kreatif,"['bem', 'unikarta', 'dukung', 'ikn', 'nusantara', 'dukung', 'ekonomi', 'kreatif']"
FALSE,Sultan,3/24/2022 3:13,0,0,"Nusa Tenggara Barat, Indonesia",dukung ekonomi kreatif  kejagung pastikan dukung penuh program kepala otoritas ikn nusantara,"['dukung', 'ekonomi', 'kreatif', 'jagung', 'pasti', 'dukung', 'penuh', 'program', 'kepala', 'otoritas', 'ikn', 'nusantara']"
FALSE,Anomali Arumbinang ğŸ‡®ğŸ‡©,3/24/2022 3:13,0,1,Bandung Utara,ada gitu rakyat mau sumbang ikn   ğŸ¤£ğŸ¤£ğŸ¤£ğŸ¤£ğŸ¤£ğŸ¤£ğŸ¤£ğŸ¤£ğŸ¤£ğŸ¤£ğŸ¤£ğŸ¤£ğŸ¤£ğŸ¤£ğŸ¤£ğŸ¤£ğŸ¤£ğŸ¤£ğŸ¤£ğŸ¤£ğŸ¤£ğŸ¤£ğŸ¤£ğŸ¤£ğŸ¤£ğŸ¤£ğŸ¤£ğŸ¤£ğŸ¤£ğŸ¤£ğŸ¤£ğŸ¤£ğŸ¤£ğŸ¤£ğŸ¤£ğŸ¤£ğŸ¤£ğŸ¤£ğŸ¤£  enak di elu gak enak di gua,"['gitu', 'rakyat', 'sumbang', 'ikn', '', 'enak', 'elu', 'gak', 'enak', 'gua']"
FALSE,Lalat Hijau,3/24/2022 3:12,0,0,"Central Borneo, Indonesia",pembangunan ikn nusantara di kalimantan timur dukung ekonomi kreatif,"['bangun', 'ikn', 'nusantara', 'kalimantan', 'timur', 'dukung', 'ekonomi', 'kreatif']"
FALSE,Ardinal Arkas,3/24/2022 3:12,0,0,bogor,didu wooii opung sono mulak k poldung kek menteri  urusan mending urusi  jt rakyat  bigâ€¦,"['didu', 'wooii', 'opung', 'sono', 'mulak', 'k', 'poldung', 'kek', 'menteri', 'urus', 'mending', 'urus', 'jt', 'rakyat', 'big']"
FALSE,Melisa Igrisa,3/24/2022 3:11,0,0,,pembangunan ikn di kaltim memberikan dampak yang sangat positif bagi masyarakat luas dukung ekonomi kreatif,"['bangun', 'ikn', 'kaltim', 'dampak', 'positif', 'masyarakat', 'luas', 'dukung', 'ekonomi', 'kreatif']"
FALSE,ACHMAD FAKHRIZAL,3/24/2022 3:11,0,0,"Kalimantan Selatan, Indonesia",hilang hiling hilang hiling hilihhh orang bingung nyari migor karna stok terbatas sekalinya muncul malah mahâ€¦,"['hilang', 'hiling', 'hilang', 'hiling', 'hilihhh', 'orang', 'bingung', 'nyari', 'migor', 'karna', 'stok', 'batas', 'sekali', 'muncul', 'mah']"
FALSE,Jegger Alim,3/24/2022 3:11,0,0,,guys net bongjgn lupa nyawer ya buat ikn,"['guys', 'net', 'bongjgn', 'lupa', 'nyawer', 'ya', 'ikn']"
FALSE,Rio Ginta,3/24/2022 3:11,0,0,Pekanbaru,iyo un bali bareh se susah dimintak pula sumbangan untuk ikn galadir,"['iyo', 'un', 'bal', 'bareh', 'susah', 'mintak', 'sumbang', 'ikn', 'galadir']"
FALSE,Rengganis,3/24/2022 3:10,0,0,"DKI Jakarta, Indonesia",mendukung penuh pembangunan ikn nusantara dukung ekonomi kreatif,"['dukung', 'penuh', 'bangun', 'ikn', 'nusantara', 'dukung', 'ekonomi', 'kreatif']"
FALSE,Batedos,3/24/2022 3:09,0,0,,dukung ekonomi kreatif  ikn nusantara di kaltim jokowi sebut alam indonesia jadi modal kembangkan energi hijau,"['dukung', 'ekonomi', 'kreatif', 'ikn', 'nusantara', 'kaltim', 'jokowi', 'alam', 'indonesia', 'modal', 'kembang', 'energi', 'hijau']"
FALSE,pantat,3/24/2022 3:09,0,0,,kebanyakan big tech comp ceonya basicnya engineerstemsaintek  ketâ€¦,"['banyak', 'big', 'tech', 'comp', 'ceonya', 'basicnya', 'engineerstemsaintek', 'ket']"
FALSE,Fablo Kuala,3/24/2022 3:08,0,0,,pembangunan ikn nusantara di kalimantan timur akan menjadi magnet kemajuan bagi bangsa  dukung ekonomi kreatif,"['bangun', 'ikn', 'nusantara', 'kalimantan', 'timur', 'magnet', 'maju', 'bangsa', 'dukung', 'ekonomi', 'kreatif']"
FALSE,Putry Ludji,3/24/2022 3:08,0,0,,ayodukung ikn nusantara,"['ayodukung', 'ikn', 'nusantara']"
FALSE,Putry Ludji,3/24/2022 3:08,0,0,,ayo dukung pembangunan ikn,"['ayo', 'dukung', 'bangun', 'ikn']"
FALSE,Ar Arozy,3/24/2022 3:07,0,0,,mendingan nyawer buat panti asuhan yatim piatu sm takfidz quran jelas dapat pahalanya lah suruh nyaâ€¦,"['mending', 'nyawer', 'panti', 'asuh', 'yatim', 'piatu', 'sm', 'takfidz', 'quran', 'pahala', 'suruh', 'nya']"
FALSE,Radio Idola Semarang,3/24/2022 3:07,0,0,"Semarang, Jawa Tengah",diskusi  dengan anwar hafid     strategi pembiayaan ikn melalâ€¦,"['diskusi', 'anwar', 'hafid', 'strategi', 'biaya', 'ikn', 'melal']"
FALSE,Lucki,3/24/2022 3:06,0,0,,kejaksaan agung pastikan dukung penuh program ikn nusantarağŸ”¥ğŸ”¥   dukung ekonomi kreatif,"['jaksa', 'agung', 'pasti', 'dukung', 'penuh', 'program', 'ikn', 'nusantara', 'dukung', 'ekonomi', 'kreatif']"
FALSE,Radio Idola Semarang,3/24/2022 3:06,1,2,"Semarang, Jawa Tengah",diskusi  dengan prof djohermansyah djohan     strategi pembiayaaâ€¦,"['diskusi', 'prof', 'djohermansyah', 'djohan', 'strategi', 'pembiayaa']"
FALSE,ğšƒï£¿ğš–ğš–ğš¢ ğ™³ ğš„ğš—ğšğšŠğš›ğšŠ,3/24/2022 3:06,0,1,Lembah Gunung Ungaran ,semua yg kusampaikan beradab adab bukan sebatas sopan santun sopan santun teâ€¦,"['yg', 'sampai', 'adab', 'adab', 'batas', 'sopan', 'santun', 'sopan', 'santun', 'te']"
FALSE,Lucki,3/24/2022 3:06,0,0,,kejaksaan agung pastikan dukung penuh program ikn nusantarağŸ”¥   dukung ekonomi kreatif,"['jaksa', 'agung', 'pasti', 'dukung', 'penuh', 'program', 'ikn', 'nusantara', 'dukung', 'ekonomi', 'kreatif']"
FALSE,Abu Hasimi,3/24/2022 3:05,0,0,,waras ikn ada dalam mimpi,"['waras', 'ikn', 'mimpi']"
FALSE,Lucki,3/24/2022 3:05,0,0,,kejaksaan agung pastikan dukung penuh program ikn nusantarağŸ”¥ğŸ”¥     dukung ekonomi kreatif,"['jaksa', 'agung', 'pasti', 'dukung', 'penuh', 'program', 'ikn', 'nusantara', 'dukung', 'ekonomi', 'kreatif']"
FALSE,Radio Idola Semarang,3/24/2022 3:05,0,0,"Semarang, Jawa Tengah",diskusi  dengan yusuf wibisono  strategi pembiayaan ikn melalui crowd fundinâ€¦,"['diskusi', 'yusuf', 'wibisono', 'strategi', 'biaya', 'ikn', 'crowd', 'fundin']"
FALSE,Muhammad EmhA,3/24/2022 3:02,0,0,,saweran buat bangun ikn kalo dihitung  jiwa   rupiah  rp perjiwa siapa yg mau,"['sawer', 'bangun', 'ikn', 'kalo', 'hitung', 'jiwa', 'rupiah', 'rp', 'jiwa', 'yg']"
FALSE,Kuple Naciro,3/24/2022 3:01,0,0,Jakarta sebelah kanan,stop dulu proyek ikn jadiin bansos aje duitnye ğŸ¤£ğŸ¤£ğŸ¤£ğŸ¤£,"['stop', 'proyek', 'ikn', 'jadiin', 'bansos', 'aje', 'duitnye', '']"
FALSE,BEM FH UI 2022,3/24/2022 3:00,1,1,"Fakultas Hukum, Universitas In",ritual kendi nusantara simbolis persatuan atau perampasan  halo fh ui ui dan indonesia  senin  maret â€¦,"['ritual', 'kendi', 'nusantara', 'simbolis', 'satu', 'ampas', 'halo', 'fh', 'ui', 'ui', 'indonesia', 'senin', 'maret', '']"
FALSE,Keythoshi ğŸ‡®ğŸ‡©,3/24/2022 2:59,1,0,,yang pingin ikn itu dipindah siapa ğŸ™„  kok sekarang minta urunan dana ke rakyat ğŸ¤£  gue secara pribadi ogah urunanâ€¦,"['pingin', 'ikn', 'pindah', '', 'urun', 'dana', 'rakyat', '', 'gue', 'pribadi', 'ogah', 'urun']"
FALSE,Arisha Luana,3/24/2022 2:57,0,0,,nusantara sebagai nama ikn dari pandangan kebhinnekaan dukung ekonomi kreatif,"['nusantara', 'nama', 'ikn', 'pandang', 'kebhinnekaan', 'dukung', 'ekonomi', 'kreatif']"
FALSE,ClaudiaSintami,3/24/2022 2:56,0,0,"Kalimantan Timur, Indonesia",kejagung sangat mendukung ikn   dukung ekonomi kreatif,"['jagung', 'dukung', 'ikn', 'dukung', 'ekonomi', 'kreatif']"
FALSE,Harian Haluan,3/24/2022 2:56,0,0,"West Sumatra, Indonesia",ksp masyarakat kaltim antusias dengan ikn nusantara,"['ksp', 'masyarakat', 'kaltim', 'antusias', 'ikn', 'nusantara']"
FALSE,sofiaindahpermata,3/24/2022 2:54,0,0,,direktur  kawasan perkotaan dan batas negara kemendagri thomas umbu pati tena bolodadi menyampaikan konsep desa piâ€¦,"['direktur', 'kawasan', 'kota', 'batas', 'negara', 'kemendagri', 'thomas', 'umbu', 'pati', 'tena', 'bolodadi', 'konsep', 'desa', 'pi']"
FALSE,ğŸ‡®ğŸ‡© bisa jahat dan bisa baik ğŸ‡®ğŸ‡©,3/24/2022 2:51,0,0,"Jakarta Timur, DKI Jakarta",marm wabil khusus yang selalu bilang negara baikÂ² saja silahkan urunan untuk bangun ikn,"['marm', 'wabil', 'khusus', 'bilang', 'negara', 'baik', 'silah', 'urun', 'bangun', 'ikn']"
FALSE,sofiaindahpermata,3/24/2022 2:51,0,0,,dukung pembangunan ikn nusantara dukungan doa dan harapan bahwa indonesia akan mencapai kemajuan yang luar biasa dâ€¦,"['dukung', 'bangun', 'ikn', 'nusantara', 'dukung', 'doa', 'harap', 'indonesia', 'capai', 'maju', 'd']"
FALSE,Mugen Bakari,3/24/2022 2:49,0,0,,nusantara sebagai nama ibu kota baru dan kendi nusantara ikn dari pandangan kebhinekaan dukung ekonomi kreatif,"['nusantara', 'nama', 'kota', 'kendi', 'nusantara', 'ikn', 'pandang', 'kebhinekaan', 'dukung', 'ekonomi', 'kreatif']"
FALSE,â›”ğ•­ğ–†ğ–ˆğ–ğ–€ğ–•_ğ•»7âƒ£ğ•¬ğ–“ğ–Œ_ğŸ‡®ğŸ‡©0âƒ£4âƒ£,3/24/2022 2:49,0,0,,âƒ£erick thohir ikn nusantara akan jadi pusat ekonomi baru dukung ekonomi kreatif,"['erick', 'thohir', 'ikn', 'nusantara', 'pusat', 'ekonomi', 'dukung', 'ekonomi', 'kreatif']"
FALSE,Boe,3/24/2022 2:48,0,0,,gegayaan mau bangun ikn duit kagak gablek sudah diberi tahu ngeyel,"['gegayaan', 'bangun', 'ikn', 'duit', 'kagak', 'gablek', 'ngeyel']"
FALSE,Lena Hersifa,3/24/2022 2:48,0,0,,kpk tegas dan berani ancam oknum yang mencoba korupsi di proyek ikn,"['kpk', 'berani', 'ancam', 'oknum', 'coba', 'korupsi', 'proyek', 'ikn']"
FALSE,Sby 27-28 | Makassar 29-31 | VCS,3/24/2022 2:47,0,0,Nomanden,iya yaa bangun ikn masih minta sumbangan ğŸ˜‚,"['iya', 'yaa', 'bangun', 'ikn', 'sumbang', '']"
FALSE,ERANASIONAL.COM,3/24/2022 2:47,0,1,"Jakarta Selatan, DKI Jakarta",pemerintah masih hitung kebutuhan dana untukÂ ikn,"['perintah', 'hitung', 'butuh', 'dana', 'ikn']"
FALSE,Saddam,3/24/2022 2:46,0,0,Surakarta Hadinigrat,ikn lahan basah bagi para koruptor ğŸ˜‚,"['ikn', 'lahan', 'basah', 'koruptor', '']"
FALSE,Cecilia Suwanda,3/24/2022 2:46,0,9,"Jakarta Capital Region, Indone",berkemah nih ye tapi makan di resto terenak ğŸ˜‹   terinspirasi pak jokowi kemah di ikn tapi pakdhe makan mie instan ğŸ˜‰,"['kemah', 'nih', 'ye', 'makan', 'resto', 'enak', '', 'inspirasi', 'jokowi', 'kemah', 'ikn', 'pakdhe', 'makan', 'mie', 'instan', '']"
FALSE,POSITIF MINDSET,3/24/2022 2:46,0,0,"Solok, Sumatera Barat",dukung ikn nusantara demi indonesia   dukung ekonomi kreatif,"['dukung', 'ikn', 'nusantara', 'indonesia', 'dukung', 'ekonomi', 'kreatif']"
FALSE,KABAR IKN NUSANTARA,3/24/2022 2:45,0,0,"Samarinda, Kaltim, Indonesia",proyek pembangunan ikn mulai ditender kppu siapkan pendampingan,"['proyek', 'bangun', 'ikn', 'tender', 'kppu', 'siap', 'damping']"
FALSE,liliex_julianto,3/24/2022 2:45,0,0,,didu iuran wajib pbb pph bpjs  ikn,"['didu', 'iur', 'wajib', 'pbb', 'pph', 'bpjs', 'ikn']"
FALSE,Morodjoyo,3/24/2022 2:45,0,1,,saya rasa lebihh tepatnya    batalkan saja  ikn,"['lebihh', 'tepat', 'batal', 'ikn']"
FALSE,sofiaindahpermata,3/24/2022 2:45,0,0,,pembangunan ikn nusantara di kaltim menjadi magnet kemajuan bagi bangsa,"['bangun', 'ikn', 'nusantara', 'kaltim', 'magnet', 'maju', 'bangsa']"
FALSE,Mur Baud,3/24/2022 2:44,0,0,"Miami, Florida",mamam noh ikn,"['mamam', 'noh', 'ikn']"
FALSE,(Bukan) WS Rendra,3/24/2022 2:44,0,0,,konkrit dong ttg penilaian bagus amp tidak bagus bagusnya korsel jepang seapa tdk bagusnya indonesia sâ€¦,"['konkrit', 'ttg', 'nilai', 'bagus', 'amp', 'bagus', 'bagus', 'korsel', 'jepang', 'apa', 'tdk', 'bagus', 'indonesia', 's']"
FALSE,preman insaf,3/24/2022 2:44,0,0,"Padang Timur, Indonesia",pengesahan uu ikn akan membawa kemajuan dan kesejahteraan bangsa indonesia dukung ekonomi kreatif,"['kesah', 'uu', 'ikn', 'bawa', 'maju', 'sejahtera', 'bangsa', 'indonesia', 'dukung', 'ekonomi', 'kreatif']"
FALSE,#AINGURANGSUNDA,3/24/2022 2:43,0,0,"Bandung, Jawa Barat",mudik lebaran mesti sdh vaksin x mandalika bebas tuch tanpa embelembel prokes hatihati skr ikn sdg butuh danaâ€¦,"['mudik', 'lebaran', 'mesti', 'sdh', 'vaksin', 'x', 'mandalika', 'bebas', 'tuch', 'embelembel', 'prokes', 'hatihati', 'skr', 'ikn', 'sdg', 'butuh', 'dana']"
FALSE,Teten,3/24/2022 2:43,2,0,muara teweh,kebayang ga setelah ikn jadi developer bener dapat rejeki nomplok beli tanah murah bikin pâ€¦,"['bayang', 'ga', 'ikn', 'developer', 'bener', 'rejeki', 'nomplok', 'beli', 'tanah', 'murah', 'bikin', 'p']"
FALSE,Safina Yulianti,3/24/2022 2:43,0,0,,erick thohir ikn nusantara akan jadi pusat ekonomi baru   dukung ekonomi kreatif,"['erick', 'thohir', 'ikn', 'nusantara', 'pusat', 'ekonomi', 'dukung', 'ekonomi', 'kreatif']"
FALSE,Si Nopak,3/24/2022 2:43,0,0,,dukungan dan harapan pengembangan sdm di kalimantan,"['dukung', 'harap', 'kembang', 'sdm', 'kalimantan']"
FALSE,KADRUNISTA HATERS !!,3/24/2022 2:42,0,0,"DKI Jakarta, Indonesia",wkwk ikn dah di ketok tp kadrun makin kencang gonggongtelat drunatau ini pengalihan isu ketidak jelasan sirkuâ€¦,"['wkwk', 'ikn', 'dah', 'ketok', 'tp', 'kadrun', 'kencang', 'gonggongtelat', 'drunatau', 'alih', 'isu', 'tidak', 'jelas', 'sir']"
FALSE,everywherejkt,3/24/2022 2:41,0,0,everywhere,ga ada yg jelas ini iknkyk esemkawkwkwk,"['ga', 'yg', 'iknkyk', 'esemkawkwkwk']"
FALSE,Danaperdana_,3/24/2022 2:40,0,0,,tanggapan mui sola pemindahan ikn dukung ekonomi kreatif,"['tanggap', 'mui', 'sola', 'pindah', 'ikn', 'dukung', 'ekonomi', 'kreatif']"
FALSE,Agustiana,3/24/2022 2:40,0,1,,mentri yg gagal  menko maritim   gagal bikin tol laut dan investor yg biayayi ikn magraria  gagal laksanakan  râ€¦,"['tri', 'yg', 'gagal', 'menko', 'maritim', 'gagal', 'bikin', 'tol', 'laut', 'investor', 'yg', 'biayayi', 'ikn', 'magraria', 'gagal', 'laksana', 'r']"
FALSE,Sabrina Bach,3/24/2022 2:39,0,0,,kajian pembangunan  sudah sejak lama akhirnya direalisasikan,"['kaji', 'bangun', 'realisasi']"
FALSE,Tika Elvira,3/24/2022 2:39,0,1,"Kota Bukittinggi, Sumatera Bar",ikn dirancang berkelanjutan demi menuju indonesia maju  dukung ekonomi kreatif,"['ikn', 'rancang', 'lanjut', 'indonesia', 'maju', 'dukung', 'ekonomi', 'kreatif']"
FALSE,Tika Elvira,3/24/2022 2:38,0,1,"Kota Bukittinggi, Sumatera Bar",ikn nusantara mesin baru kemajuan bangsa dukung ekonomi kreatif,"['ikn', 'nusantara', 'mesin', 'maju', 'bangsa', 'dukung', 'ekonomi', 'kreatif']"
FALSE,Geboy,3/24/2022 2:37,0,0,,mui yakin pemindahan ikn sdh di pertimbangkan dukung ekonomi kreatif,"['mui', 'pindah', 'ikn', 'sdh', 'timbang', 'dukung', 'ekonomi', 'kreatif']"
FALSE,Geboy,3/24/2022 2:37,0,0,,ikn akan majukan indonesia dukung ekonomi kreatif,"['ikn', 'maju', 'indonesia', 'dukung', 'ekonomi', 'kreatif']"
FALSE,Herald.id,3/24/2022 2:37,0,0,"Jakarta Selatan, DKI Jakarta",sekjen kementerian pupr takut salah sebut angka kebutuhan dana bangunÂ ikn,"['sekjen', 'menteri', 'pupr', 'takut', 'salah', 'angka', 'butuh', 'dana', 'bangun', 'ikn']"
FALSE,mantegil,3/24/2022 2:36,0,0,"Sungai Liat, Indonesia",banyak dukungan ikn dukung ekonomi kreatif,"['dukung', 'ikn', 'dukung', 'ekonomi', 'kreatif']"
FALSE,Rian hidayat,3/24/2022 2:36,0,0,"Kalimatan Utara, Indonesia",harapan masyarakat dengan penetapan nusantara sebagai nama ibu kota baru dan pengesahan uu ikn  dukung ekonomi kreaâ€¦,"['harap', 'masyarakat', 'tetap', 'nusantara', 'nama', 'kota', 'kesah', 'uu', 'ikn', 'dukung', 'ekonomi', 'krea']"
FALSE,ğŸ˜Š,3/24/2022 2:36,0,1,"SUB, IDN",apa sih pak urgencynya ikn,"['sih', 'urgencynya', 'ikn']"
FALSE,PatriotNKRI,3/24/2022 2:35,0,1,,lahannya tibatiba dipasang patok ikn warga mulai gusar terancam digusur saya mau mati di sini,"['lahan', 'tibatiba', 'pasang', 'patok', 'ikn', 'warga', 'gusar', 'ancam', 'gusur', 'mati']"
TRUE,Liputan6.com,3/24/2022 2:35,0,10,,gandeng korsel ikn nusantara bakal seperti sejong,"['gandeng', 'korsel', 'ikn', 'nusantara', 'sejong']"
FALSE,Penikmat Plat AB,3/24/2022 2:35,0,0,,maju lah negara maju lainnya  menggunakan pajak untuk menghidupi rakyatnya negara maju kita  minta iuâ€¦,"['maju', 'negara', 'maju', 'pajak', 'hidup', 'rakyat', 'negara', 'maju', 'iu']"
FALSE,Wak Nablu,3/24/2022 2:34,0,0,,saya kasih ide buat konsorsium ikn buat panitia untuk meminta sumbangan ditengah jalan raya seluruh negeri wakanda,"['kasih', 'ide', 'konsorsium', 'ikn', 'panitia', 'sumbang', 'tengah', 'jalan', 'raya', 'negeri', 'wakanda']"
TRUE,Republika.co.id,3/24/2022 2:32,1,6,"Jakarta, Indonesia",panglima tni berencana menambah ribuan personel untuk ditempatkan di ikn,"['panglima', 'tni', 'rencana', 'tambah', 'ribu', 'personel', 'tempat', 'ikn']"
FALSE,mobil es em pe,3/24/2022 2:31,0,0,canberra australia,korupsi apbn nya biar jalan stop  pajak kami jangan di belikan vaksin buat ikn buat kreta cepat buat gpâ€¦,"['korupsi', 'apbn', 'nya', 'biar', 'jalan', 'stop', 'pajak', 'belikan', 'vaksin', 'ikn', 'kreta', 'cepat', 'gp']"
FALSE,Rama,3/24/2022 2:31,0,0,,didu minyak goreng mahal telur terigu daging ayam mahal cabai tomat dan lainÂ² mahal ppn akan di naikanâ€¦,"['didu', 'minyak', 'goreng', 'mahal', 'telur', 'terigu', 'daging', 'ayam', 'mahal', 'cabai', 'tomat', 'lain', 'mahal', 'ppn', 'naik']"
FALSE,Luffy D.,3/24/2022 2:31,0,1,"Kalimantan Selatan, Indonesia",kn nusantara mesin baru kemajuan bangsa dukung ekonomi kreatif,"['kn', 'nusantara', 'mesin', 'maju', 'bangsa', 'dukung', 'ekonomi', 'kreatif']"
FALSE,Bangsa Indonesia,3/24/2022 2:31,0,1,"Padang Pariaman, Sumatera Bara",jaksa agung dukung pembangunan ikn nusantara   dukung ekonomi kreatif,"['jaksa', 'agung', 'dukung', 'bangun', 'ikn', 'nusantara', 'dukung', 'ekonomi', 'kreatif']"
FALSE,Ozilaprilia ğŸ‡²ğŸ‡¨,3/24/2022 2:30,0,0,"Kota Palembang, Sumatera Selat",dukung ikn nusantara   dukung ekonomi kreatif,"['dukung', 'ikn', 'nusantara', 'dukung', 'ekonomi', 'kreatif']"
FALSE,Berlian Utami,3/24/2022 2:29,0,0,"Probolinggo, Jawa Timur",i love you ikn nusantara   dukung ekonomi kreatif,"['i', 'love', 'you', 'ikn', 'nusantara', 'dukung', 'ekonomi', 'kreatif']"
FALSE,ARIF,3/24/2022 2:29,0,4,Indonesia,ketidakyakinan akan ikn,"['ketidakyakinan', 'ikn']"
FALSE,BimasaktiğŸ’¯% ğŸ…½ğŸ…ºğŸ†ğŸ…¸ğŸ‡®ğŸ‡©,3/24/2022 2:29,0,1,"Bulungan, Kalimantan Utara",menteri badan usaha milik negara bumn erick thohir mengatakan ikn nusantara bakal menjadi rumah bagi para generasâ€¦,"['menteri', 'badan', 'usaha', 'milik', 'negara', 'bumn', 'erick', 'thohir', 'ikn', 'nusantara', 'rumah', 'generas']"
FALSE,Welly Co'o,3/24/2022 2:27,0,0,"Kupang, Nusa Tenggara Timur",gp ansor dukung ikn nusantara dukung ekonomi kreatif,"['gp', 'ansor', 'dukung', 'ikn', 'nusantara', 'dukung', 'ekonomi', 'kreatif']"
FALSE,bowo tejo,3/24/2022 2:26,0,0,,mui dukung pemindahan ikn dukung ekonomi kreatif,"['mui', 'dukung', 'pindah', 'ikn', 'dukung', 'ekonomi', 'kreatif']"
FALSE,bowo tejo,3/24/2022 2:25,0,0,,dukung pembangunan ikn nusantara dukung ekonomi kreatif,"['dukung', 'bangun', 'ikn', 'nusantara', 'dukung', 'ekonomi', 'kreatif']"
FALSE,Boe-231,3/24/2022 2:25,0,1,,setuju banget saham yang di minuman berakhir mending ditarik utk bangun pabrik minyak goreng  disuruh urunan ikhlâ€¦,"['tuju', 'banget', 'saham', 'minum', 'mending', 'tarik', 'utk', 'bangun', 'pabrik', 'minyak', 'goreng', 'suruh', 'urun', 'ikhl']"
FALSE,Risa Almir,3/24/2022 2:25,0,0,,pw gp ansor kaltim dukung ikn nusantara dukung ekonomi kreatif,"['pw', 'gp', 'ansor', 'kaltim', 'dukung', 'ikn', 'nusantara', 'dukung', 'ekonomi', 'kreatif']"
FALSE,Delitarosa,3/24/2022 2:25,0,0,,ikn nusantara adalah langkah yang diambil pemerintah untuk memajukan indonesia di masa depan dukung ekonomi kreatif,"['ikn', 'nusantara', 'langkah', 'ambil', 'perintah', 'maju', 'indonesia', 'dukung', 'ekonomi', 'kreatif']"
FALSE,Eka Fitria,3/24/2022 2:25,0,0,,mui dukung pemindahan ikn nusantara dukung ekonomi kreatif,"['mui', 'dukung', 'pindah', 'ikn', 'nusantara', 'dukung', 'ekonomi', 'kreatif']"
FALSE,Kawulo Selow,3/24/2022 2:25,0,0,unidentified.,ikn juga bisa dipending dong justifikasinya lebih  banyak daripada penundaan pemilu,"['ikn', 'pending', 'justifikasi', 'tunda', 'milu']"
FALSE,(Bukan) WS Rendra,3/24/2022 2:24,0,0,,melebar ah pusing  skg kan gada side effect nih dg distribusi dan perekonomian itu semua jikalau iâ€¦,"['lebar', 'ah', 'pusing', 'skg', 'gada', 'side', 'effect', 'nih', 'dg', 'distribusi', 'ekonomi', 'i']"
FALSE,Serangan Fajar,3/24/2022 2:24,0,0,"Mendo Barat, Indonesia",mui soal ikn dukung ekonomi kreatif,"['mui', 'ikn', 'dukung', 'ekonomi', 'kreatif']"
FALSE,Serangan Fajar,3/24/2022 2:23,0,0,"Mendo Barat, Indonesia",ikn nusantara kejaksaan  dukung ekonomi kreatif,"['ikn', 'nusantara', 'jaksa', 'dukung', 'ekonomi', 'kreatif']"
TRUE,CNN Indonesia,3/24/2022 2:23,3,4,,ngabalin klaim warga kaltim antusias dengan pembangunan ikn nusantara,"['ngabalin', 'klaim', 'warga', 'kaltim', 'antusias', 'bangun', 'ikn', 'nusantara']"
FALSE,NOT AN AIRBENDER,3/24/2022 2:22,0,0,Indonesia,harusnya jauh lbh dr itu  terutama ikn seharusnya sudah berdiri itu bangunan dlm proses pembangâ€¦,"['lbh', 'dr', 'ikn', 'diri', 'bangun', 'dlm', 'proses', 'bang']"
FALSE,Humas ResPklKota,3/24/2022 2:22,0,0,,transformasi bangsa di ikn nusantara  ada  hal transformasi pemindahan ikn untuk melakukan transformasi bangsa mâ€¦,"['transformasi', 'bangsa', 'ikn', 'nusantara', 'transformasi', 'pindah', 'ikn', 'transformasi', 'bangsa', 'm']"
FALSE,Kadrun,3/24/2022 2:22,0,0,"Sumatera Selatan, Indonesia",ikn nusantara di kaltim jokowi sebut alam indonesia jadi modal kembangkan energi hijau     dukung ekonomi kreatif,"['ikn', 'nusantara', 'kaltim', 'jokowi', 'alam', 'indonesia', 'modal', 'kembang', 'energi', 'hijau', 'dukung', 'ekonomi', 'kreatif']"
FALSE,Berita New,3/24/2022 2:22,0,0,,dukung penuh program kepala otorita ikn nusantara dukung ekonomi kreatif,"['dukung', 'penuh', 'program', 'kepala', 'otorita', 'ikn', 'nusantara', 'dukung', 'ekonomi', 'kreatif']"
TRUE,KOMPAS TV,3/24/2022 2:22,579,2227,Indonesia,jimly asshiddiqie sebaiknya anwar usman menonaktifkan diri dari penanganan uji materi uu iknâ€¦,"['jimly', 'asshiddiqie', 'anwar', 'usman', 'nonaktif', 'tangan', 'uji', 'materi', 'uu', 'ikn']"
FALSE,Asep Susanto,3/24/2022 2:21,0,0,"Palembang, South Sumatra",sambut presiden di balikpapan pw gp ansor kalimantan timur dukung ikn nusantara dukung ekonomi kreatif,"['sambut', 'presiden', 'balikpapan', 'pw', 'gp', 'ansor', 'kalimantan', 'timur', 'dukung', 'ikn', 'nusantara', 'dukung', 'ekonomi', 'kreatif']"
FALSE,Ani Sandrina,3/24/2022 2:21,0,1,"Sumatera Selatan, Indonesia",ikn dukung ekonomi kreatif,"['ikn', 'dukung', 'ekonomi', 'kreatif']"
FALSE,Sonic Freak,3/24/2022 2:21,0,0,"Bengkulu, Indonesia",pembangunan ikn nusantara menjadi magnet kemajuan bagi bangsa dukung ekonomi kreatif,"['bangun', 'ikn', 'nusantara', 'magnet', 'maju', 'bangsa', 'dukung', 'ekonomi', 'kreatif']"
FALSE,Siskarr,3/24/2022 2:20,0,1,"Batipuh, Indonesia",pemindahan ikn ke kaltim termasuk dari bagian kemaslahatan umat  dukung ekonomi kreatif,"['pindah', 'ikn', 'kaltim', 'maslahat', 'umat', 'dukung', 'ekonomi', 'kreatif']"
FALSE,Bentang Imaji,3/24/2022 2:19,0,0,"Kota Kediri, Indonesia",terkait pemindahan ibu kota nusantara ikn kelompok cipayung plus berkomitmen untuk membersamai program tersebutâ€¦,"['kait', 'pindah', 'kota', 'nusantara', 'ikn', 'kelompok', 'cipayung', 'plus', 'komitmen', 'sama', 'program', 'sebut']"
FALSE,Codet,3/24/2022 2:18,0,0,"Sumatera Selatan, Indonesia",erick thohir ikn nusantara akan jadi pusat ekonomi baru    dukung ekonomi kreatif,"['erick', 'thohir', 'ikn', 'nusantara', 'pusat', 'ekonomi', 'dukung', 'ekonomi', 'kreatif']"
FALSE,Edinson Cvn,3/24/2022 2:18,0,0,,dukung ekonomi kreatif ikn wujudkan indonesia maju dan modern dimasa depan,"['dukung', 'ekonomi', 'kreatif', 'ikn', 'wujud', 'indonesia', 'maju', 'modern', 'masa']"
FALSE,akang2,3/24/2022 2:18,0,0,"Lampung, Indonesia",ikn nusantara  dukung ekonomi kreatif,"['ikn', 'nusantara', 'dukung', 'ekonomi', 'kreatif']"
FALSE,akang2,3/24/2022 2:18,0,0,"Lampung, Indonesia",kejagung dukung kepala otorita ikn nusantara  dukung ekonomi kreatif,"['jagung', 'dukung', 'kepala', 'otorita', 'ikn', 'nusantara', 'dukung', 'ekonomi', 'kreatif']"
FALSE,M. Syaikhu Mochtar,3/24/2022 2:16,0,2,Central Java,ikn hny isapan jempol pencitraan dari para pembual dan pengkhianat,"['ikn', 'hny', 'isap', 'jempol', 'citra', 'bual', 'khianat']"
FALSE,galamedianews.com,3/24/2022 2:16,0,0,"Bandung, Indonesia",ikn pindah ke kalimantan timur jakarta bersaingan dengan washington dc hingga sydney,"['ikn', 'pindah', 'kalimantan', 'timur', 'jakarta', 'saing', 'washington', 'dc', 'sydney']"
FALSE,ZID WORLD,3/24/2022 2:16,3,6,,megaproyek ikn terancam mangkrak maukah rakyat diajak patungan menyelamatkan   menurut analisa ekonom megaproyekâ€¦,"['megaproyek', 'ikn', 'ancam', 'mangkrak', 'mau', 'rakyat', 'ajak', 'patungan', 'selamat', 'analisa', 'ekonom', 'megaproyek']"
FALSE,Gus Choy Markochoy,3/24/2022 2:15,0,0,,marm udah diskusikan dulu  point itu untuk ikn di kolam,"['marm', 'udah', 'diskusi', 'point', 'ikn', 'kolam']"
FALSE,Azzam III,3/24/2022 2:14,0,0,,sudah di pastikan mangkrak,"['pasti', 'mangkrak']"
FALSE,mujiburRAHMAN,3/24/2022 2:12,0,1,Indonesia,didu ikn ini hanya mimpi di siang bolongâ€¦,"['didu', 'ikn', 'mimpi', 'siang', 'bolong']"
FALSE,Nesa Aprilia,3/24/2022 2:12,0,0,"Kendari, Indonesia",pembangunan ikn memberikan dampak positif bagi masyarakat luas dukung ekonomi kreatif,"['bangun', 'ikn', 'dampak', 'positif', 'masyarakat', 'luas', 'dukung', 'ekonomi', 'kreatif']"
FALSE,Rama Penikmat Politik,3/24/2022 2:12,0,0,"Bengkulu Selatan, Bengkulu",ikn jadi monentum penting bagi pembangunan indonesia dukung ekonomi kreatif,"['ikn', 'monentum', 'bangun', 'indonesia', 'dukung', 'ekonomi', 'kreatif']"
TRUE,Merdeka.com,3/24/2022 2:12,1,0,Indonesia,ksp dorong badan otorita lakukan indentifikasi pemilikan tanah di ikn,"['ksp', 'dorong', 'badan', 'otorita', 'laku', 'indentifikasi', 'milik', 'tanah', 'ikn']"
FALSE,ğŸ…°ï¸â„¹ï¸LğŸ…°ï¸,3/24/2022 2:11,0,0,"Pangkalan Baru, Indonesia",dukunh pembangunan ikn nusantara dukung ekonomi kreatif,"['dukunh', 'bangun', 'ikn', 'nusantara', 'dukung', 'ekonomi', 'kreatif']"
FALSE,s AND i,3/24/2022 2:11,0,0,TSM,marm pertanyaan saya elo udah ikut urunan buat ikn belum bong,"['marm', 'elo', 'udah', 'urun', 'ikn', 'bong']"
FALSE,Juice Melon,3/24/2022 2:11,0,0,,dukung ekonomi kreatif ikn nusantara di kaltim jokowi sebut alam indonesia jadi modal kembangkan energi hijauâ€¦,"['dukung', 'ekonomi', 'kreatif', 'ikn', 'nusantara', 'kaltim', 'jokowi', 'alam', 'indonesia', 'modal', 'kembang', 'energi', 'hijau']"
FALSE,S0EY0T0,3/24/2022 2:10,93,215,jakarta,itulah sebenarnya suara hati mereka tidak yakin ikn sukses saya yakin itu mewakili suara banyak orang bahkan di lâ€¦,"['suara', 'hati', 'ikn', 'sukses', 'wakil', 'suara', 'orang', 'l']"
FALSE,Curiosity,3/24/2022 2:10,0,0,,rusli  kecil kemungkinan untuk abstain sebab besar kemungkinan etnis tertentu itu bakal buka embassy di ikn nanti,"['rusli', 'abstain', 'etnis', 'buka', 'embassy', 'ikn']"
FALSE,Aditiya Nurwahid,3/24/2022 2:10,0,1,,sah jokowi lantik bambang susantono jadi kepala otorita ikn lantas apa tugasnya mari simak,"['sah', 'jokowi', 'lantik', 'bambang', 'susantono', 'kepala', 'otorita', 'ikn', 'lantas', 'tugas', 'mari', 'simak']"
FALSE,Ferry,3/24/2022 2:10,0,0,,proyek ikn mulai kalut,"['proyek', 'ikn', 'kalut']"
FALSE,OKomara,3/24/2022 2:09,0,0,,otakatik urun dana biar mncerminkan rakyat butuh ikn pdhl itu suatu syarat untuk kpercayaan dari investor,"['otakatik', 'urun', 'dana', 'biar', 'mncerminkan', 'rakyat', 'butuh', 'ikn', 'pdhl', 'syarat', 'kpercayaan', 'investor']"
FALSE,Prangbakat,3/24/2022 2:09,0,1,"Bogor, Jawa Barat",piliank misal ada jt cebongjika seorang urun jt maka terkumpul tcukup utk bikin istanaprâ€¦,"['piliank', 'jt', 'cebongjika', 'urun', 'jt', 'kumpul', 'tcukup', 'utk', 'bikin', 'istanapr']"
FALSE,Anum,3/24/2022 2:08,0,0,"Bulungan, Kalimantan Utara",kejagung mendukung otorita ikn nusantara  dukung ekonomi kreatif,"['jagung', 'dukung', 'otorita', 'ikn', 'nusantara', 'dukung', 'ekonomi', 'kreatif']"
FALSE,Regina Silva,3/24/2022 2:07,0,0,"Kalimantan Tengah, Indonesia",gp ansor kaltim dukung ikn nusantara dukung ekonomi kreatif,"['gp', 'ansor', 'kaltim', 'dukung', 'ikn', 'nusantara', 'dukung', 'ekonomi', 'kreatif']"
FALSE,Regina Silva,3/24/2022 2:07,0,0,"Kalimantan Tengah, Indonesia",dukung pembangunan ikn dukung ekonomi kreatif,"['dukung', 'bangun', 'ikn', 'dukung', 'ekonomi', 'kreatif']"
FALSE,Dillon_Suriwang,3/24/2022 2:06,0,0,KUTAI TIMUR,pengen ngikutin berita terkini yang lagi panasnya  soal politik lahan tambang ikn dan blablabla lainnyaâ€¦,"['ken', 'ngikutin', 'berita', 'kini', 'panas', 'politik', 'lahan', 'tambang', 'ikn', 'blablabla', 'lain']"
